{"cameraMode":{"drawMode":0,"name":"Shaded","section":"Shading Mode"},"sceneLighting":true,"audioPlay":false,"sceneViewState":{"showFog":false,"showMaterialUpdate":false,"showSkybox":false,"showFlares":false,"showImageEffects":false,"showParticleSystems":false},"in2DMode":false,"pivot":{"x":8.28193473815918,"y":9.20295238494873,"z":-9.08792495727539},"rotation":{"x":0.28789883852005007,"y":-0.1768229454755783,"z":0.05417477339506149,"w":0.9396438598632813},"size":27.766210556030275,"orthographic":false}