{"cameraMode":{"drawMode":0,"name":"Shaded","section":"Shading Mode"},"sceneLighting":true,"audioPlay":false,"sceneViewState":{"showFog":true,"showMaterialUpdate":true,"showSkybox":true,"showFlares":true,"showImageEffects":true,"showParticleSystems":true},"in2DMode":false,"pivot":{"x":-0.9958046078681946,"y":2.3209989070892336,"z":-1.7847542762756348},"rotation":{"x":0.24006961286067964,"y":0.13345639407634736,"z":-0.0333452969789505,"w":0.960970401763916},"size":4.494866847991943,"orthographic":false}