{"cameraMode":{"drawMode":0,"name":"Shaded","section":"Shading Mode"},"sceneLighting":true,"audioPlay":false,"sceneViewState":{"showFog":false,"showMaterialUpdate":false,"showSkybox":false,"showFlares":false,"showImageEffects":false,"showParticleSystems":false},"in2DMode":false,"pivot":{"x":-1.0209022760391236,"y":0.8243618011474609,"z":1.1062875986099244},"rotation":{"x":-0.026261720806360246,"y":0.9621603488922119,"z":-0.1002412885427475,"w":-0.252042293548584},"size":5.512197971343994,"orthographic":false}