{"cameraMode":{"drawMode":0,"name":"Shaded","section":"Shading Mode"},"sceneLighting":true,"audioPlay":false,"sceneViewState":{"showFog":true,"showMaterialUpdate":true,"showSkybox":true,"showFlares":true,"showImageEffects":true,"showParticleSystems":true},"in2DMode":false,"pivot":{"x":0.14229223132133485,"y":1.66032075881958,"z":-1.8783416748046876},"rotation":{"x":0.173298642039299,"y":-0.03840530291199684,"z":0.006756411399692297,"w":0.9841090440750122},"size":4.494866847991943,"orthographic":false}