{"cameraMode":{"drawMode":0,"name":"Shaded","section":"Shading Mode"},"sceneLighting":true,"audioPlay":false,"sceneViewState":{"showFog":false,"showMaterialUpdate":false,"showSkybox":false,"showFlares":false,"showImageEffects":false,"showParticleSystems":false},"in2DMode":false,"pivot":{"x":-0.9958046078681946,"y":2.3209989070892336,"z":-1.7847542762756348},"rotation":{"x":0.3127688765525818,"y":0.15857020020484925,"z":-0.05304555594921112,"w":0.9350051879882813},"size":6.1422929763793949,"orthographic":false}